sepal length (cm),sepal width (cm),petal length (cm),petal width (cm)
-40474.29195308793,68324.62460388412,-45384.46126962976,-47893.55264293937
